research_name,type
timestamp,numeric
record,numeric
battery_voltage_min,numeric
panel_temperature,numeric
barometric_pressure,numeric
relative_humidity,numeric
air_temperature,numeric
battery_voltage,numeric
solar_voltage,numeric
battery_check,character
solar_check,character
flag_1,numeric
flag_2,numeric
flag_3,numeric
flag_4,numeric
flag_5,numeric
flag_6,numeric
flag_7,numeric
flag_8,numeric
flag_9,numeric
flag_10,numeric
flag_11,numeric
flag_12,numeric
flag_13,numeric
flag_14,numeric
flag_15,numeric
flag_16,numeric
logger_name,character
packbus_id,character
scan_interval,numeric
days_to_seconds_constant,numeric
days_since_1990,numeric
utc_off_set,numeric
apply_and_restart,character
redox_5cm_refa,numeric
redox_15cm_refa,numeric
redox_5cm_refb,numeric
redox_15cm_refb,numeric
battv_avg,numeric
volumetric_water_content_teros12,numeric
air_temperature_teros12,numeric
electrical_conductivity_teros12,numeric
solar_fd_avg_watts,numeric
solar_tf_total_mj,numeric
rain_accumulation_total,numeric
wind_speed,numeric
wind_direction_d1,numeric
wind_direction_sd1,numeric
max_wind_speed_max,numeric
max_wind_speed_tmx,numeric
invalid_wind_total,numeric
air_temperature_avg,numeric
air_temperature_max,numeric
air_temperature_tmx,numeric
air_temperature_min,numeric
air_temperature_tmn,numeric
vapor_pressure_avg,numeric
barometric_pressure_avg,numeric
barometric_pressure_max,numeric
barometric_pressure_tmx,numeric
barometric_pressure_min,numeric
barometric_pressure_tmn,numeric
relative_humidity_temperature,numeric
vapor_pressure_deficit,numeric
vapor_pressure_deficit_max,numeric
vapor_pressure_deficit_tmx,numeric
vapor_pressure_deficit_min,numeric
vapor_pressure_deficit_tmn,numeric
NS_tilt,numeric
WE_tilt,numeric
rain_strikes_total,numeric
dist_km_min,numeric
dist_km_tmin,numeric
metadata,character
wind_speed_wvc1,numeric
wind_speed_wvc2,numeric
wind speed_max,numeric
wind_speed_tmx,numeric
Vapor_Pressure_max,numeric
Vapor_Pressure_tmx,numeric
Vapor_Pressure_min,numeric
Vapor_Pressure_tmn,numeric
relative_humidity_site_max,numeric
relative_humidity_site_min,numeric
relative_humidity_c_max,numeric
relative_humidity_c_min,numeric
ns_tilt_max,numeric
ns_tilt_tmx,numeric
ns_tilt_min,numeric
ns_tilt_tmn,numeric
we_tilt_max,numeric
we_tilt_tmx,numeric
we_tilt_min,numeric
we_tilt_tmn,numeric
cv_meta,character
